{
  "project_info": {
    "project_number": "152903817349",
    "project_id": "mymarket-c1dc5",
    "storage_bucket": "mymarket-c1dc5.appspot.com"
  },
  "client": [
    {
      "client_info": {
        "mobilesdk_app_id": "1:152903817349:android:cd7c3f507fbd7e6fedb1ec",
        "android_client_info": {
          "package_name": "com.example.market"
        }
      },
      "oauth_client": [
        {
          "client_id": "152903817349-cmpjjtjj6bml7l0viil3n9tikt1mcbso.apps.googleusercontent.com",
          "client_type": 3
        }
      ],
      "api_key": [
        {
          "current_key": "AIzaSyC7pBdp9k_6BNP6aHZWRXq_7mwtCcR05Ow"
        }
      ],
      "services": {
        "appinvite_service": {
          "other_platform_oauth_client": [
            {
              "client_id": "152903817349-cmpjjtjj6bml7l0viil3n9tikt1mcbso.apps.googleusercontent.com",
              "client_type": 3
            }
          ]
        }
      }
    }
  ],
  "configuration_version": "1"
}